{
  "text_to_video": {
    "num_queries": 290,
    "top1": 0.2482758620689655,
    "top5": 0.506896551724138,
    "top10": 0.6103448275862069,
    "mean_rank": 15.962068965517242,
    "median_rank": 5.0,
    "mrr": 0.3713223617384941
  },
  "video_to_text": {
    "num_queries": 290,
    "top1": 0.21379310344827587,
    "top5": 0.4068965517241379,
    "top10": 0.5379310344827586,
    "mean_rank": 24.47586206896552,
    "median_rank": 8.5,
    "mrr": 0.3179994394070724
  },
  "sampling": {
    "strategy": "ats_peak_features",
    "feature_root": "/workspace/ablation1/VadCLIP/data/UCFClipFeatures",
    "snippet_size": 16,
    "vadclip_style_segment_scoring": true,
    "select_frames": 12,
    "peak_frames": 4,
    "ats_tau": 0.03
  }
}