{
  "text_to_video": {
    "num_queries": 290,
    "top1": 0.2413793103448276,
    "top5": 0.503448275862069,
    "top10": 0.6103448275862069,
    "mean_rank": 16.079310344827586,
    "median_rank": 5.0,
    "mrr": 0.3673041350002645
  },
  "video_to_text": {
    "num_queries": 290,
    "top1": 0.2206896551724138,
    "top5": 0.40344827586206894,
    "top10": 0.5344827586206896,
    "mean_rank": 24.613793103448277,
    "median_rank": 9.0,
    "mrr": 0.31904531767038463
  },
  "sampling": {
    "strategy": "ats_peak_features",
    "feature_root": "/workspace/ablation1/VadCLIP/data/UCFClipFeatures",
    "snippet_size": 16,
    "vadclip_style_segment_scoring": true,
    "select_frames": 12,
    "peak_frames": 4,
    "ats_tau": 0.01
  }
}