{
  "text_to_video": {
    "num_queries": 290,
    "top1": 0.20689655172413793,
    "top5": 0.496551724137931,
    "top10": 0.6,
    "mean_rank": 17.075862068965517,
    "median_rank": 6,
    "mrr": 0.346121845546784
  },
  "video_to_text": {
    "num_queries": 290,
    "top1": 0.19655172413793104,
    "top5": 0.41379310344827586,
    "top10": 0.5275862068965518,
    "mean_rank": 23.379310344827587,
    "median_rank": 8,
    "mrr": 0.3079183620256393
  }
}