{
  "num_queries": 290,
  "top1": 0.20689655172413793,
  "top5": 0.496551724137931,
  "top10": 0.6,
  "mean_rank": 17.075862068965517,
  "median_rank": 6,
  "mrr": 0.346121845546784
}