{
  "text_to_video": {
    "num_queries": 290,
    "top1": 0.21379310344827587,
    "top5": 0.4862068965517241,
    "top10": 0.6,
    "mean_rank": 17.220689655172414,
    "median_rank": 6,
    "mrr": 0.34655852817827865
  },
  "video_to_text": {
    "num_queries": 290,
    "top1": 0.19655172413793104,
    "top5": 0.4068965517241379,
    "top10": 0.5275862068965518,
    "mean_rank": 23.517241379310345,
    "median_rank": 9,
    "mrr": 0.30737688463644686
  }
}