{
  "text_to_video": {
    "num_queries": 290,
    "top1": 0.22413793103448276,
    "top5": 0.4827586206896552,
    "top10": 0.6,
    "mean_rank": 16.44137931034483,
    "median_rank": 6.0,
    "mrr": 0.35517261968229713
  },
  "video_to_text": {
    "num_queries": 290,
    "top1": 0.21379310344827587,
    "top5": 0.39655172413793105,
    "top10": 0.5172413793103449,
    "mean_rank": 24.9,
    "median_rank": 10.0,
    "mrr": 0.3126078155389048
  },
  "sampling": {
    "strategy": "top_p_features",
    "feature_root": "/workspace/VadCLIP/data/UCFClipFeatures",
    "top_p": 0.7,
    "snippet_size": 16,
    "vadclip_style_segment_scoring": true,
    "score_temperature": 1.0,
    "min_selected_frames": 1
  }
}