{
  "text_to_video": {
    "num_queries": 290,
    "top1": 0.2206896551724138,
    "top5": 0.503448275862069,
    "top10": 0.6172413793103448,
    "mean_rank": 16.306896551724137,
    "median_rank": 5.0,
    "mrr": 0.3548862338833685
  },
  "video_to_text": {
    "num_queries": 290,
    "top1": 0.20344827586206896,
    "top5": 0.3931034482758621,
    "top10": 0.5310344827586206,
    "mean_rank": 24.358620689655172,
    "median_rank": 10.0,
    "mrr": 0.3114254194225039
  },
  "sampling": {
    "strategy": "ats_features",
    "feature_root": "/workspace/ablation1/VadCLIP/data/UCFClipFeatures",
    "snippet_size": 16,
    "vadclip_style_segment_scoring": true,
    "select_frames": 12,
    "ats_tau": 0.02
  }
}