{
  "text_to_video": {
    "num_queries": 290,
    "top1": 0.22758620689655173,
    "top5": 0.5103448275862069,
    "top10": 0.6275862068965518,
    "mean_rank": 16.010344827586206,
    "median_rank": 5.0,
    "mrr": 0.3600225476201814
  },
  "video_to_text": {
    "num_queries": 290,
    "top1": 0.2103448275862069,
    "top5": 0.3931034482758621,
    "top10": 0.5206896551724138,
    "mean_rank": 24.28965517241379,
    "median_rank": 10.0,
    "mrr": 0.31500433360914765
  },
  "sampling": {
    "strategy": "ats_features",
    "feature_root": "/workspace/ablation1/VadCLIP/data/UCFClipFeatures",
    "snippet_size": 16,
    "vadclip_style_segment_scoring": true,
    "select_frames": 12,
    "ats_tau": 0.01
  }
}