{
  "text_to_video": {
    "num_queries": 290,
    "top1": 0.22758620689655173,
    "top5": 0.5,
    "top10": 0.6206896551724138,
    "mean_rank": 16.051724137931036,
    "median_rank": 5.5,
    "mrr": 0.3561139263676285
  },
  "video_to_text": {
    "num_queries": 290,
    "top1": 0.2103448275862069,
    "top5": 0.3931034482758621,
    "top10": 0.5275862068965518,
    "mean_rank": 24.23103448275862,
    "median_rank": 10.0,
    "mrr": 0.3140851416223203
  },
  "sampling": {
    "strategy": "ats_features",
    "feature_root": "/workspace/ablation1/VadCLIP/data/UCFClipFeatures",
    "snippet_size": 16,
    "vadclip_style_segment_scoring": true,
    "select_frames": 12,
    "ats_tau": 0.03
  }
}